22844d6a67bc1b9314ebea30927c29a84798bd83d3635f3cd3116d1f584f18ad	delta.tar
bc1826112f4f0e107ea2820103d6938858d2fcbc624c6d851e6346f86160f564	manifest.tsv
e78ffb6e65fca5e5c1b908a96cfa642311ded51e8fec7e5d6e3901d8b0dea795	parent.bundle
c265bf8666b872890e5f7115d31df68b2115539496ca1d9ebd357b6a42c966a8	run.json
07933e8e523422eee35acd62f9845974642e349f278144f0ae2bc509f7cb58b8	runner/checkout.ps1
4155946305027b6a31ee878541c6b9b4ca5d88e29c42fd806b3e703308e0ae32	runner/cleanup.ps1
31386f7ab59d1d7742020a007fba1afd2dd0d7eee69038e1abc6bb7b139289de	runner/common.ps1
8a8605758825a0f979f5a07d07f247dbf5459ab647e16d23b2087a77397ebd0a	runner/preflight.ps1
a578563dd98ce5344f236c34a99cb417604c6b52e5de42e9a8908dcab20c54bc	runner/purge.ps1
24f249e45d51f80971c8948c9d5a5c2fa1c3c37d1a7f86909d4be0c514c6ae64	runner/step.ps1
