P	100644	850d44bae6167c93e30db842be2287e1ae13b268	cb2540da00d0305cf8955c5aa0b469eb944673979377aedac6448e11fe20355d	6547	src-tauri/Cargo.toml
P	100644	eb0945649fc227bc21dc6f4f41fe58da36d60c3f	60ad1f9a8da3f047a76c2601b224ec6fc4bfdd7ff27b5e251379eeae9095df69	41299	src-tauri/src/daemon/proxy.rs
P	100644	210f441a267143818963913b335fbbd57ab7a885	7571fc5c4e92db0632b99921aa8ebf5e24877e7d01d43653b25054b3427052cf	339935	src-tauri/src/daemon/server.rs
P	100644	aea3c9f5a04de16e9ae4906f69b9c7e9c14b1082	30ed39a4be3e7e5bea48fb5df5465666ef7dc62174a82b836450698c139fd4e6	5887	src-tauri/src/daemon/session_metadata_events.rs
P	100644	7a9700da7b41c3bbb1e6a93c1a21d02c34a167f6	93c4e92cf4969a3a01488be1f4ceed0ca42a7d50cfbd77bcf2e1ab880d3b905e	6737	src-tauri/src/daemon/session_metadata_provider.rs
P	100644	d5fdc0469ca36c5facabf1b448c6e39436f06bd1	71f8d260b5c23b221431153db38c0c40d453b29be4dc0673c636b30c917f9f2f	102860	src-tauri/src/daemon/session_service.rs
P	100644	ebc485c6f88e6856be7ac9f6f79ca67e4a6582f2	411e66f8ecc84180934fe48b5e8b18d4b861de894e32a7fd96b90154b08534d3	9357	src-tauri/src/remote/backend.rs
P	100644	74e31c279d234bea7c0396add92a69d50a87eaaa	178567d650d6c0ac1ed2da950c6e5d5e869f76479dd9d410dfc319a19af8895a	322855	src-tauri/src/remote/server.rs
P	100644	b9b0a4e15edd7c92886e7dba237b364281653bdc	bc1cb18afc193257ae6830776103e64d189650156fd7a8527a9b8afad1fd2516	28603	src-tauri/src/terminal/foreground.rs
P	100644	29d2864b157db77a31fa5c70ef417225550fb6d6	c5e920e79215c58170739ad4813882fc8551caca0cb9b7ee1b044d5955bf12b1	1036	src-tauri/src/terminal/mod.rs
P	100644	70f2311ba0fe0e28febc2cb19eff2ef3b564931d	e5a962e081f5a1dd78d65f1983d971d0de8abda4754f91ebb5c500fa195201d2	97738	src-tauri/src/terminal/output_hub.rs
P	100644	02eb58beda0674ee749ad9b8ac978520740bfd48	061ba7541634c1db8fbc2175955d6ab7e5c4d16bde398c5ac601b28a2242fbef	24757	src-tauri/src/terminal/service.rs
P	100644	7d6e8c01d19d7bfc65127607bbb42ec0fa5ffe09	dd30d17649226582ff3642103009cc7748abfc163d9c3bc7515c88e0fc24b607	15659	src-tauri/src/terminal/session_host/capability.rs
P	100644	d7930c0c223bc5899a231fc0771e8f7c784ae5b4	e645c621e6f292e7caa470a8f2e151bf3d547aa8a8daf9e82b26455e779ad4f8	53411	src-tauri/src/terminal/session_host/fence.rs
P	100644	71e217ada7a539a98fc2a8cbb70abdc880d49921	441ecd0294de79148f76c92ed24da524a16a87468d7d08dc0cfe2e3f63712213	141	src-tauri/src/terminal/session_host/mod.rs
P	100644	effe82204714291a8ffafe977685479dbd2287d9	190188c156d2df6fc2b19a8a6c6b8d5ec906c55a6334a3b4acc52b22af9f65cf	27323	src-tauri/src/terminal/session_host/protocol.rs
P	100644	24cadbe3665b155001c91d168296c1aa07306344	0bc95cdeab201ac016d7230668a0c436eab55463e44bf72c98df7543f77e9410	30327	src-tauri/src/terminal/session_host/registry.rs
P	100644	05283b8afed5ea6354e1a5d6a6b5f64cc2426668	7a0ebca37396391c2dbe78c0d175d4a480e5055dc7a118b4eacbb2fefb9583fe	23326	src-tauri/src/terminal/session_host/win_pipe.rs
P	100644	0f38fcf547ffd0d6913ecd5ff0fa67231de28aa0	02ced37a474409788e9126e16bedb36765a52992e98aecd29aa7909ff02d7911	40385	src-tauri/src/terminal/session_host/win_spawn.rs
P	100644	fe909aca15a446e18fa5c797c98681b5ac774401	82e00c707afa7b6ef543e2b76a2bac5a5c39338871a846af4cdfc328582f0a38	27256	src-tauri/src/terminal/tests.rs
