bdfaca695a54a072fe5cddf8e02b3977cd8160de4b92ca565191a5e569e7990c	delta.tar
1043fed945ef3fb635a59f9619ca64d5b5065fa04e735af1f70b6c63cf369d06	manifest.tsv
0955d41d5a02d63741405eb0232d4cc1988dc9f045ccf2692268192d235bd0e4	parent.bundle
3106f7ec87bfe492cf5151e24354684252c601e20659f1ae63d3dc20e1bd87f4	run.json
07933e8e523422eee35acd62f9845974642e349f278144f0ae2bc509f7cb58b8	runner/checkout.ps1
4155946305027b6a31ee878541c6b9b4ca5d88e29c42fd806b3e703308e0ae32	runner/cleanup.ps1
31386f7ab59d1d7742020a007fba1afd2dd0d7eee69038e1abc6bb7b139289de	runner/common.ps1
8a8605758825a0f979f5a07d07f247dbf5459ab647e16d23b2087a77397ebd0a	runner/preflight.ps1
a578563dd98ce5344f236c34a99cb417604c6b52e5de42e9a8908dcab20c54bc	runner/purge.ps1
24f249e45d51f80971c8948c9d5a5c2fa1c3c37d1a7f86909d4be0c514c6ae64	runner/step.ps1
