591f2070fb8e3c6fc090ee2a814a824e52e4cac461f8d92508a4a8b8e86acbc2	delta.tar
e509afc68f3c3bcf912d134b1df0f8cbfa17effa83c983e291b39bcf4dd8e37d	manifest.tsv
9c51a92c37b38d7026fdc5e850991075e3dbaeb75969f8254cdc36e4a7177116	parent.bundle
28b484546b482f2f1b62de4cf473ffdba4bc6cf9b24c91885114aeb74394dee4	run.json
e2f45a462d51b19b804f73d8e8987cbc5bcf46a53d36f6c681dae7b8e9d0d065	runner/checkout.ps1
4155946305027b6a31ee878541c6b9b4ca5d88e29c42fd806b3e703308e0ae32	runner/cleanup.ps1
31386f7ab59d1d7742020a007fba1afd2dd0d7eee69038e1abc6bb7b139289de	runner/common.ps1
8a8605758825a0f979f5a07d07f247dbf5459ab647e16d23b2087a77397ebd0a	runner/preflight.ps1
a578563dd98ce5344f236c34a99cb417604c6b52e5de42e9a8908dcab20c54bc	runner/purge.ps1
24f249e45d51f80971c8948c9d5a5c2fa1c3c37d1a7f86909d4be0c514c6ae64	runner/step.ps1
