bb86cb216e871792cf5477f467e3a9fa453c6bc881a8536a239af3b3a5cb995d	delta.tar
1a88a9ad3170c776f56072e30ec896b7bd78642c4172069990374f65b3b56696	manifest.tsv
cec3047751c2649e9fa81b4936d9342901ba95b473706e6eaf3fb3b6a339b4d9	parent.bundle
51b7324ace7d822aa799e5d801d15457b2530e80eec910f8816aa6a8c03c6db6	run.json
07933e8e523422eee35acd62f9845974642e349f278144f0ae2bc509f7cb58b8	runner/checkout.ps1
4155946305027b6a31ee878541c6b9b4ca5d88e29c42fd806b3e703308e0ae32	runner/cleanup.ps1
31386f7ab59d1d7742020a007fba1afd2dd0d7eee69038e1abc6bb7b139289de	runner/common.ps1
8a8605758825a0f979f5a07d07f247dbf5459ab647e16d23b2087a77397ebd0a	runner/preflight.ps1
a578563dd98ce5344f236c34a99cb417604c6b52e5de42e9a8908dcab20c54bc	runner/purge.ps1
24f249e45d51f80971c8948c9d5a5c2fa1c3c37d1a7f86909d4be0c514c6ae64	runner/step.ps1
